CustomerID,FullName,Gender,Phone,Email,Region
1,Elizabeth King,Female,114.335.6436x3845,mark54@diaz.com,Greater Accra
2,Andrea Thompson,Male,001-110-278-3638x889,jonathan04@hotmail.com,Volta
3,Victoria Simmons,Male,001-488-629-5081x46928,amberjackson@hotmail.com,Greater Accra
4,Nicole Fischer,Male,(777)709-8328x877,deborah88@hotmail.com,Northern
5,Rebecca Harris,Male,+1-081-926-9671x8359,dberg@hotmail.com,Northern
6,Rachael Chen,Female,746-411-4180,coleaaron@yahoo.com,Ashanti
7,Cheryl Jones,Female,715-594-1369x32748,kcollins@cox.com,Greater Accra
8,Richard Ford,Male,001-272-320-6839x06295,christine46@arnold-gibbs.com,Ashanti
9,Heidi Mccormick,Male,(976)136-0809,williamking@york.com,Western
10,Jessica Boone,Male,(742)101-8639,crogers@gmail.com,Volta
11,Caitlin Burton,Male,384.132.6088x5937,knappsamantha@peterson.biz,Western
12,Karen Lee,Male,998.872.2475,rramsey@murray.com,Volta
13,Michael Jones,Male,+1-151-581-2250x3666,tracychambers@foley.com,Volta
14,Samantha Alvarado,Male,001-872-769-3447,pmorris@medina.biz,Western
15,Sabrina Benitez,Female,001-198-892-8639x35646,sullivanjordan@mckinney.com,Greater Accra
16,Daniel Jones,Female,471.087.6821x88418,destiny83@gmail.com,Volta
17,Troy Duffy,Female,932-892-4290x9877,samantha98@padilla.biz,Greater Accra
18,Sarah Mitchell DDS,Female,7109607549,hillamanda@yahoo.com,Volta
19,Richard Patel,Female,536.054.1086x0589,joelcoleman@yahoo.com,Volta
20,Tonya Ramos,Male,(506)281-6942,tiffany82@huber-harris.net,Greater Accra
21,Michelle Owens,Male,676-807-9416x98376,pauljohnson@hotmail.com,Greater Accra
22,Cory Meyer,Female,109.881.7714x811,april79@goodman-schroeder.com,Western
23,Anthony Trevino,Female,001-505-681-0301,williammaxwell@atkinson.com,Northern
24,Jacob Davenport,Male,+1-199-702-6130x404,crystal49@burns-brown.info,Western
25,Christian Wilson,Male,001-704-871-4156x171,deckerleonard@yahoo.com,Western
26,Joseph Spears,Male,3924940212,kayleeduncan@lewis.org,Ashanti
27,Rita Clark,Male,+1-717-873-2082,darrenrobinson@gmail.com,Volta
28,Debra Knight,Male,(429)885-2229x7932,erinmarquez@allen.info,Ashanti
29,Nathaniel Wood,Male,038.145.7935,robertmcdowell@hotmail.com,Northern
30,Matthew Edwards,Female,(125)465-3895x954,vasquezsteven@mccall-collins.net,Ashanti
31,Robert Diaz,Male,(593)302-2510x273,sandragregory@arias.com,Greater Accra
32,Elizabeth Rose,Male,7841617607,ashlee68@burton.biz,Western
33,Sarah Johnson,Male,(609)799-1591x6467,andrea49@sutton.biz,Northern
34,Laurie Morris,Male,001-687-147-2420x25803,dixonthomas@hotmail.com,Ashanti
35,Christopher Patton,Male,9324285504,fitzgeraldphilip@stewart.com,Volta
36,Robert Matthews,Female,304.090.7845,parkerblake@hardin.com,Greater Accra
37,Emily Duncan,Male,(767)360-6227x11427,enunez@foster.com,Northern
38,William Jones,Female,072-686-8909x126,whitneysmith@gmail.com,Northern
39,Dawn Wright,Female,501-283-9621x72604,christophersmith@yahoo.com,Greater Accra
40,Jamie Park,Female,(063)400-1472x5066,fharmon@taylor.com,Volta
41,James Kennedy,Female,(960)205-8182x93154,josephkevin@hotmail.com,Greater Accra
42,Elizabeth Foley,Male,001-749-405-4126x49351,rthompson@hotmail.com,Western
43,Victor Henry,Male,724-650-3088x27981,cunninghamsamantha@snow.com,Ashanti
44,Terrence Bradford,Female,232.566.2203x3369,radams@martinez-strong.com,Northern
45,Edward Cuevas,Female,(821)100-9747x510,williamskristen@gmail.com,Northern
46,Mr. Dwayne Sharp,Female,+1-932-255-8182x68714,harrismark@gmail.com,Western
47,Ronald Perkins,Male,+1-874-740-7696x5193,gabriel38@yahoo.com,Northern
48,Kimberly Clayton,Female,+1-617-568-3012x51769,marcia33@stephens.org,Greater Accra
49,Regina Christensen,Female,7764288487,katie08@hodges.org,Western
50,Cory Spencer,Male,033.489.9351,mccormickfrank@wilson.com,Greater Accra
51,Mary Cruz,Female,+1-668-180-1103x7562,tdavis@parks.com,Ashanti
52,Maria Solomon,Female,961.489.3015x3427,emilyjames@yahoo.com,Volta
53,Joan Nguyen,Female,1692702215,austinnatasha@jennings-williams.com,Ashanti
54,David Hooper,Male,001-516-827-6308x86866,omoore@hotmail.com,Greater Accra
55,Alejandro Larson,Female,001-464-192-2827x68517,amanda26@hotmail.com,Greater Accra
56,Mason Martinez,Female,639.942.5928,christopher40@hotmail.com,Northern
57,Craig Gilmore,Male,5829804761,tlove@price.com,Ashanti
58,Jerry Carlson,Female,001-874-912-9506,carrie43@gmail.com,Greater Accra
59,Lori Weber,Male,805.434.6406,danielle02@hotmail.com,Northern
60,Joshua Chambers,Female,+1-919-873-2398x394,kimchristine@gilbert.com,Northern
61,Tonya Lawrence,Male,+1-152-743-6505,jimcummings@hart-smith.org,Volta
62,Laura Washington,Male,(743)905-2032x00716,zliu@shaw.com,Ashanti
63,Justin Olson,Male,001-264-133-3566x00491,vbradley@hotmail.com,Northern
64,John Noble,Female,(184)558-8871x5782,mstone@hotmail.com,Ashanti
65,Jason Haynes,Female,735.204.4543,jenniferzuniga@lee.com,Northern
66,Sandra Valdez,Male,+1-302-420-4040x9618,alyssarios@lester.org,Western
67,Jason Parsons,Male,7323278143,collinsmaurice@gmail.com,Volta
68,Nicholas Blake,Male,+1-344-642-9040x427,hroberts@hart-reed.com,Western
69,Kevin Barton,Female,(082)349-1760,hannah28@hotmail.com,Western
70,Jeanette White,Male,155-259-1453,donna99@gmail.com,Northern
71,Rhonda Garcia,Female,949-543-1375,amanda64@smith.org,Northern
72,Gloria Weeks,Male,(281)283-3407x438,sbrooks@gmail.com,Volta
73,Laura Navarro,Female,+1-668-307-2024,patrickfoley@gmail.com,Volta
74,Abigail Gomez,Female,506.301.4083x66233,allison92@gmail.com,Volta
75,Maurice Clements,Female,096.659.1331,susanhernandez@smith.info,Western
76,Vickie Rowe,Male,+1-740-454-4905x39531,andersonjulie@lewis.com,Ashanti
77,Jack Howell,Male,097.052.0019x117,zharris@king.com,Northern
78,Ernest Mitchell,Female,+1-517-229-7911,regina42@hotmail.com,Western
79,Timothy Robinson,Female,2393611727,erica58@baker-williams.com,Greater Accra
80,Robert Evans,Female,505.753.1853x307,james43@gmail.com,Western
81,Nicholas Bailey,Female,655-792-1717x9684,gomezjesus@hotmail.com,Volta
82,Randall Keith,Female,354.701.2968x6713,ebailey@yahoo.com,Greater Accra
83,Kayla Smith,Male,957-029-5316x809,pkramer@scott-sheppard.org,Ashanti
84,Dr. Brittany Carter,Female,336.087.4793x5892,laura30@lynch.com,Volta
85,Joseph Davis,Female,184.012.6559,brichardson@collins-long.biz,Western
86,Lauren Young,Male,001-053-533-7863x6854,jonathanwood@english.com,Volta
87,Carol Ruiz,Male,+1-426-665-5721x4765,abigail06@patterson.com,Greater Accra
88,Aaron Turner MD,Male,429.695.2768x188,maryrussell@tucker.com,Greater Accra
89,Jill Lucas,Male,601.618.3469,campbellamanda@fuller.info,Ashanti
90,Timothy Bailey,Male,+1-742-556-3961x700,marcia19@hotmail.com,Ashanti
91,Anna Glover,Female,300.971.5626,kevindavila@gmail.com,Northern
92,Eric Mcfarland,Male,+1-569-126-9113,perrymurphy@delgado-cook.info,Western
93,Jeffrey Jenkins,Female,858-706-2381x15617,richard71@gmail.com,Ashanti
94,Joshua Chapman,Female,(063)272-2387,gregory19@yahoo.com,Greater Accra
95,Amy Palmer,Male,(355)845-6617x69468,christophertorres@gmail.com,Volta
96,Emily Keller,Male,967-880-3161x504,markjohnson@yahoo.com,Ashanti
97,Brian Allen,Female,273.379.0623,michelle86@hotmail.com,Greater Accra
98,Johnathan Pratt,Female,+1-193-052-9252x4417,mariawalters@hotmail.com,Western
99,Sarah Mullen,Male,001-626-168-6299x726,jkelley@yahoo.com,Ashanti
100,Cynthia Johnson,Female,741-534-4441,donnaesparza@gmail.com,Volta
101,Jennifer Duncan,Male,(722)433-9543x4661,mphelps@hotmail.com,Western
102,Eric Stephenson,Female,4249413336,victoria78@garrett.com,Ashanti
103,Elizabeth Willis,Male,001-964-747-5069x132,hhall@woods.com,Northern
104,Michael Wilson,Female,+1-761-668-8803x626,douglasshaffer@garza.info,Western
105,Joshua Wagner,Female,864-303-9506x951,denisechan@yahoo.com,Western
106,Jennifer Schmidt,Female,001-126-227-3314x8153,deanjackson@yahoo.com,Northern
107,Alicia Obrien,Female,070.849.0305,lindahodge@hotmail.com,Volta
108,Anna Scott,Male,001-072-747-4492x890,ryan26@gmail.com,Northern
109,Sandra Brown,Female,707.124.9008,katherine29@dunn-williams.com,Western
110,Megan Nichols,Male,+1-022-228-1622x7332,morenorachel@yahoo.com,Ashanti
111,Alexa Shepherd,Male,001-640-010-2006x132,justin01@buckley.com,Ashanti
112,Carol Logan,Female,(854)160-0785,potterjohnny@rodriguez.com,Ashanti
113,Michael Barber,Female,374-319-6787x340,perezcollin@hotmail.com,Northern
114,Ryan Lewis,Female,001-808-649-4846x8595,zcrawford@navarro.com,Volta
115,Jeanette Wright,Male,001-434-210-4950x30417,gonzalestravis@gmail.com,Volta
116,Bryan Hall,Female,(433)983-3359x182,tgutierrez@gonzales.com,Western
117,Jennifer Conley,Female,555.452.0598x548,enelson@brown.info,Ashanti
118,Kayla Robinson,Male,001-583-035-1321x2955,vaughnwilliam@hotmail.com,Greater Accra
119,Anthony Davis,Male,6993365295,rsanders@martin.com,Volta
120,Steve Hansen,Female,506.342.6807,dana38@hodge.com,Volta
121,Kimberly Barton,Male,7467558473,kevin10@quinn-mann.com,Volta
122,Christopher Thomas,Male,001-100-617-9882,roselara@garcia.com,Ashanti
123,Alex Romero,Female,001-030-870-3148,weeksryan@barr.com,Ashanti
124,Travis Chavez,Female,248.647.3425x282,landerson@yahoo.com,Volta
125,Laura Vega,Female,905.756.9624x4982,wendy04@gmail.com,Greater Accra
126,Kevin Mejia,Female,+1-831-127-9301,hernandezscott@howard.com,Volta
127,Bryan Frank,Female,601.341.8319,ymays@smith.com,Ashanti
128,Aaron Willis,Male,533-807-6516x27085,perkinspatricia@yahoo.com,Western
129,Brendan Washington,Female,(088)956-3615x20599,jeffreynorris@sullivan.com,Northern
130,Maria Robles,Female,(700)062-1131x14635,christinagarrison@howell.com,Volta
131,Connor Fletcher,Female,001-177-043-4133x03651,kimberly59@hall.com,Northern
132,Carla Davis,Female,076.741.9738x0891,ccallahan@hotmail.com,Western
133,Susan Lopez,Male,662-225-9590x760,benjaminedward@stout.com,Northern
134,Jeffrey Wilson,Female,380.221.0506,mclaughlinbrenda@wang.com,Western
135,Cindy Williamson,Female,001-133-163-9219,lortiz@garcia-thomas.net,Greater Accra
136,Victor Manning,Female,165-542-1965x92890,smithmichelle@yahoo.com,Volta
137,Sierra Fields,Male,001-700-217-4028x228,alowe@hotmail.com,Volta
138,Nicole Howard,Female,075.883.5974x05349,chase37@yahoo.com,Ashanti
139,Alice Coleman DDS,Male,245-469-0243x44680,hensleydiana@johnson.com,Volta
140,Alexander Castro,Male,(900)270-3233x48571,smithkathleen@hotmail.com,Western
141,Willie Thomas,Male,825.548.1915x52493,bakerlinda@mendez-fisher.com,Greater Accra
142,Nathan Reynolds,Female,425.567.0923,bsmith@hurley.com,Volta
143,Susan Mcdowell,Female,(934)578-9101x2052,michael63@collins.com,Western
144,Shannon Black,Male,766-440-9949,cantujames@harmon-reese.net,Northern
145,Adriana Garcia,Female,5490146141,matthewchandler@nelson-arellano.com,Northern
146,Darlene Jackson,Female,(625)034-8010x772,hoffmanrebecca@terry.net,Northern
147,Jill Mitchell,Male,001-570-674-0775,michael04@yahoo.com,Greater Accra
148,Robert Thomas,Female,5294827708,dbyrd@hotmail.com,Ashanti
149,Kyle Butler,Male,+1-742-850-2789x9158,phillip85@hull.com,Northern
150,Gary Henry,Male,519.502.0154,richard00@warner-hebert.com,Volta
151,Jose Sanders,Male,956.373.8882,spatrick@gmail.com,Volta
152,Stephanie Ross,Female,5962173872,diane10@hotmail.com,Ashanti
153,Joseph May,Male,423.387.9981x5247,martinzachary@gilbert.com,Volta
154,Trevor Hoffman,Female,+1-730-889-8587x130,marie34@hotmail.com,Greater Accra
155,Stephanie Watson,Female,352.338.3931x650,christine87@yahoo.com,Northern
156,Gabriela Stuart,Female,105-046-3556,antonio89@hotmail.com,Western
157,Leah Perez,Female,117-373-1149x2817,russelldurham@hotmail.com,Western
158,Jeffrey Roberts,Male,8634640690,lisalyons@hotmail.com,Greater Accra
159,Ryan Smith,Male,383-213-0325,michelle97@yahoo.com,Greater Accra
160,Anita Barton,Female,+1-633-329-9387,julie29@whitehead-holden.com,Volta
161,Amber Moore,Male,443-444-7835,wendyjimenez@dillon.com,Northern
162,Laura Doyle,Female,+1-854-103-7647x545,whitedaniel@gardner.com,Greater Accra
163,Madison Clark,Female,001-064-603-4345x54290,moorericardo@smith.com,Volta
164,Ariana Ramirez,Male,392-002-2086,jamessharon@hotmail.com,Ashanti
165,Kathryn Morse,Male,4314529438,theresa50@gmail.com,Western
166,Patricia Jones,Male,001-380-635-9326x181,samanthabarron@hotmail.com,Volta
167,Megan Harris,Male,(598)416-1630x9927,moodyrichard@yahoo.com,Northern
168,Kayla Long,Female,160.282.1326x718,greese@powell.com,Northern
169,Patrick Anderson,Female,(562)064-0109x9360,thomasjennifer@hotmail.com,Northern
170,Kathleen Manning,Male,001-745-765-8838x65108,kristinthompson@holder-perez.net,Ashanti
171,Shannon Sanchez,Male,(454)343-1445x472,autumnrobinson@anderson.com,Northern
172,Chelsea Le,Female,257-526-7859x58521,brittanywalsh@watson.com,Northern
173,Kevin Tucker,Male,001-111-779-3873,clarkbrandon@gmail.com,Volta
174,Michelle Garcia,Male,807-748-2045x434,kathryn11@hotmail.com,Western
175,Jennifer Huang,Male,(096)477-5655,pinedakeith@hotmail.com,Volta
176,Cassidy Scott,Female,6352179774,anthonyparker@hill.com,Ashanti
177,Amanda Warner,Male,001-073-023-3633x10940,hortonandrew@gmail.com,Volta
178,Justin May,Female,236-972-6481x9195,fchan@yahoo.com,Northern
179,Jonathan Rice,Female,+1-986-820-0075x908,lisa56@gmail.com,Volta
180,Travis Smith,Female,(009)366-6511x64260,yjames@wright.net,Ashanti
181,Laura Floyd,Female,(641)307-9668x8619,ewright@gilmore.org,Greater Accra
182,Nancy Jenkins,Female,(900)727-1689x8078,zhangangela@conley.com,Ashanti
183,Shannon Campbell,Female,+1-895-980-6178x11855,william08@hotmail.com,Greater Accra
184,Leslie Norton,Male,(242)737-0129,dawnharrison@gmail.com,Greater Accra
185,Sean Kemp,Female,2489760053,mmoss@hotmail.com,Western
186,Courtney Martinez,Female,642.526.6164x26015,justinwhite@gmail.com,Northern
187,Julie Anderson,Male,442.676.5547,christopher18@gmail.com,Greater Accra
188,Audrey Richmond,Male,241.594.9002x843,wilkinsonemily@gmail.com,Ashanti
189,Kaitlyn Myers,Female,(637)494-6138,nwagner@robinson.com,Ashanti
190,Matthew Leach,Male,504.948.9649,bateslisa@gmail.com,Greater Accra
191,Stephanie Torres,Male,0172367317,andrew96@hotmail.com,Greater Accra
192,Steven Price,Male,+1-279-641-5080x181,emorales@yahoo.com,Western
193,Curtis Schmitt,Female,(337)677-0251x84796,harveyjermaine@gmail.com,Western
194,Renee Morgan,Female,(075)717-9844,bullockmichele@todd.com,Ashanti
195,Joseph Ryan,Male,854-140-6503,pamelaanderson@gmail.com,Northern
196,Dominic Palmer,Male,312-888-8260x460,sara59@yahoo.com,Volta
197,Samantha Williams,Female,(152)855-9956x4238,staceymarquez@fox-soto.info,Ashanti
198,Crystal Spence,Female,(581)655-4299x8067,johnsonpatrick@hotmail.com,Northern
199,Loretta Cook,Male,096.431.6432x02290,beltrandavid@yahoo.com,Volta
200,Michael Rojas,Female,+1-751-208-1248x597,james56@yahoo.com,Western
201,Jacob Myers,Female,671-316-0394x7692,hoodwilliam@garcia-goodman.com,Ashanti
202,David Reeves,Female,001-111-448-0927,ashley60@hotmail.com,Western
203,Robert Anderson,Female,829.739.9596x2040,shawnochoa@yahoo.com,Ashanti
204,Lucas Fields,Female,666.227.3480x1340,harold68@yahoo.com,Volta
205,Monica Alvarado,Female,465-353-6047x11514,scott68@yahoo.com,Northern
206,Jack Leon,Female,001-765-625-5491x716,laura79@lee-castillo.org,Northern
207,Amber Brown,Male,+1-930-271-4091x992,brandon84@yahoo.com,Volta
208,Amy Madden,Male,+1-493-418-2110,audrey37@hotmail.com,Volta
209,Debra Harrington,Female,001-918-592-1179x8262,blevinskimberly@austin.com,Ashanti
210,Sierra Thomas,Female,+1-437-904-1843,daltonbrian@yahoo.com,Western
211,Jackson Ford,Female,154.432.7972,cobbsuzanne@hotmail.com,Volta
212,Christopher Chavez,Female,034.449.4066x64427,mary80@hotmail.com,Greater Accra
213,Kimberly Le,Male,(821)175-6063x3595,jcannon@kennedy-glover.com,Volta
214,Sharon Morris,Female,(537)383-5997,gomezmanuel@hotmail.com,Volta
215,Jimmy Walker,Male,001-435-132-7705x9358,robert65@gmail.com,Volta
216,Lauren Waters,Male,(890)446-8695x44267,danielle79@pierce.org,Western
217,Destiny Cox,Female,001-974-086-3475x2142,holtwalter@yahoo.com,Greater Accra
218,Krystal Campbell,Female,001-217-712-7378x06672,vjones@trevino.com,Ashanti
219,Kelly Chavez,Female,267-192-8475x4281,sheila93@lindsey.com,Northern
220,Timothy Gray,Female,540.802.2319x62175,wilsonrebecca@patterson.info,Western
221,Kevin Lamb,Male,162-022-3362,taylorcraig@gmail.com,Western
222,Christopher Campbell,Male,+1-970-519-2118,wheelermonica@yahoo.com,Western
223,Brenda Hicks,Female,+1-012-635-8532x9941,glittle@andrews.info,Western
224,Catherine Garcia,Male,964-580-0066,brianna97@morgan.info,Greater Accra
225,Kimberly Moore,Male,167.803.7736,ryanwatson@hotmail.com,Greater Accra
226,Jeffery Barnes,Male,+1-496-415-2697x610,sheawilliam@gmail.com,Greater Accra
227,Selena Spencer,Female,(344)564-0779x979,haascandice@gmail.com,Western
228,Andrew Black,Female,378.322.4693,wrogers@fisher-harrison.com,Ashanti
229,James Crosby,Male,(716)572-5479,aprilsmith@king-hernandez.net,Northern
230,William Sullivan,Male,9943290540,davisjohn@yahoo.com,Greater Accra
231,Regina Foster,Male,304-946-8989,freemanshawn@king-garcia.com,Ashanti
232,Emily Watson,Male,(427)480-5167,dorothylarsen@suarez.net,Northern
233,Robert Hernandez,Male,+1-260-144-8320x3263,iriley@hotmail.com,Ashanti
234,Jessica White,Male,+1-544-940-9387x8611,phillip20@page-smith.biz,Volta
235,Mark Giles,Male,498.757.9561,figueroaamanda@walsh.org,Western
236,Kimberly Peterson,Female,(003)002-2157x2878,pennypowell@hotmail.com,Western
237,Paul Poole,Male,001-866-872-2374x2928,marymiller@owens.biz,Northern
238,Steven Huber,Male,480.449.3798,jacob12@yahoo.com,Greater Accra
239,Tammy Anderson,Female,069-658-7065x4505,chelseamahoney@gmail.com,Western
240,Leslie Baker,Female,001-551-324-6452x46257,leecarolyn@gmail.com,Western
241,Brian Rich,Female,+1-035-659-5894x040,elizabeth79@yahoo.com,Northern
242,Zachary Jackson,Male,+1-245-153-0185x07428,sanchezmargaret@rodriguez.com,Ashanti
243,Stefanie Torres,Male,536-143-9864,michael68@gmail.com,Volta
244,Michael Lowery,Male,001-960-754-3879x46343,davidmorrison@gmail.com,Greater Accra
245,David Ortiz,Male,(994)010-3727,danielsutton@oconnor.com,Western
246,Brandy Castro,Female,001-479-097-6596x9708,kwagner@castro.com,Volta
247,Sara Rodriguez,Female,001-159-028-2044x311,jessica22@moore.org,Western
248,Eileen Baker,Male,674-023-9501x6704,blankenshiprobert@hotmail.com,Volta
249,Jacob Young,Male,4604922352,eblake@gmail.com,Ashanti
250,David Page,Female,958-710-3208,david72@pugh.com,Western
251,Mark Rice,Female,001-172-313-8156x504,gregoryherman@barnes.biz,Northern
252,Jennifer Rivera,Male,+1-972-861-8560x301,nguyenerica@gmail.com,Ashanti
253,Alexis Chan,Female,(109)106-5600,nicholas36@rivera.com,Northern
254,Jennifer Smith,Male,(123)276-7943,jasonmorse@smith-carter.com,Western
255,Nicole Dudley,Female,618.503.2947x6792,dcastro@tate.com,Ashanti
256,Sarah Ramirez,Male,(275)369-0355,doylebrianna@gmail.com,Western
257,Jonathan Frank,Female,007.798.5938,ijimenez@allen.com,Ashanti
258,James Edwards,Female,923-261-3149x40070,michaeladam@martin-white.net,Volta
259,Timothy Myers,Female,(051)594-2019x54704,srussell@hotmail.com,Northern
260,Jenna Luna,Male,+1-995-831-9991,theresamann@gmail.com,Volta
261,Jason Thomas,Male,963.117.6665x54454,jordanpark@gmail.com,Volta
262,Brian Dunn,Female,478.239.1514x0667,whitealec@yahoo.com,Volta
263,Michelle Ford,Male,(330)075-3573x866,jarmstrong@werner.net,Greater Accra
264,Rodney Frank,Male,538-109-6544,mcguirejulia@yu.com,Western
265,Brian Holland,Female,744.253.7461x3197,gina88@yahoo.com,Western
266,John Johnson,Female,882-318-2701x937,wprice@yahoo.com,Greater Accra
267,Deborah Torres,Female,673.952.4125,gaineskevin@gmail.com,Northern
268,Lawrence Mcknight,Male,001-932-045-7052x996,kaitlynharris@graham-wiley.com,Volta
269,Jessica Roberts,Male,7406491621,michelletanner@hotmail.com,Western
270,David Green,Male,(500)623-1112x32646,amymeyers@larsen.com,Greater Accra
271,Katrina Hall,Female,(651)310-5108,lynnboyd@gmail.com,Northern
272,Jennifer Brewer,Female,8772409002,sandygonzalez@lynch.com,Western
273,Richard Adams,Male,(532)190-3444x766,leslie94@wheeler.com,Ashanti
274,Natalie Garrett,Female,(978)080-1367x6839,vazquezbrandon@gmail.com,Greater Accra
275,Caitlin Martin,Female,565-101-9469,andrewgillespie@golden-villarreal.com,Greater Accra
276,Tina Knight,Female,(183)443-5695,melissa38@flynn.org,Western
277,Larry Meyer,Female,795.900.9604x282,anna74@snyder.com,Volta
278,Sheila Stewart,Female,319.084.2344,xedwards@murphy.com,Western
279,Suzanne Thompson,Female,001-698-897-0673x78060,steelekristine@yahoo.com,Ashanti
280,Erik Smith,Female,752.610.8167x993,bobbymurphy@gmail.com,Ashanti
281,Spencer Le,Male,001-347-457-7514,tamarabush@austin-stewart.com,Volta
282,Tracey Sanchez,Male,481-709-3922x6410,mayssusan@gmail.com,Northern
283,Ms. Nicole Reynolds DDS,Male,791-348-5688,alishafox@martin.com,Northern
284,Cynthia Hughes,Female,067.537.7381x77883,brownbrandon@snyder-rodriguez.biz,Northern
285,Joseph Richards,Male,081.292.6262x7942,millerdaniel@newton-washington.com,Western
286,Cristian Armstrong,Female,(138)631-3047x319,anna98@hernandez.com,Western
287,Cassandra Martin,Female,6453633152,contreraslindsay@mason-cooke.com,Northern
288,Brian Hampton,Female,001-598-932-4269x65743,perezrobert@yahoo.com,Northern
289,Michael Jordan,Female,(831)474-6884,jonmaldonado@gmail.com,Volta
290,Rhonda Hines,Female,+1-272-355-3587,shane42@yahoo.com,Northern
291,Scott Mercado,Male,(283)905-1106x87097,zwilliams@yahoo.com,Ashanti
292,Betty Little,Female,5313227723,aford@henry.biz,Ashanti
293,Karen Garrett,Male,+1-376-065-3264x949,vaughanstacey@gmail.com,Northern
294,Amanda Porter,Female,(842)983-2761x5266,wayne09@braun.com,Western
295,Ryan Weeks,Female,544.020.5980,jenna13@yahoo.com,Western
296,Dr. Thomas Baird,Male,001-711-332-0240x6605,davidberry@yahoo.com,Western
297,Alexandria Miller,Male,447.038.6955x87269,larsonjaclyn@bowers.com,Volta
298,Ronald Lara,Male,910-409-0959,jillmartin@hotmail.com,Northern
299,Daniel Owens,Female,918-505-2070x42613,zbarrett@mcintosh-acosta.com,Western
300,Susan Reed,Male,563-042-2866x2003,johnsonwilliam@hotmail.com,Greater Accra
301,Edward Brown,Male,+1-389-724-8854x40914,hrichards@salazar-edwards.com,Western
302,Brian Webb,Male,(810)895-0465,xmarquez@yahoo.com,Western
303,Brent Jones,Female,(189)213-5959,clarkstephanie@mullins.com,Western
304,John Juarez,Female,689.653.2015x477,popesamuel@yahoo.com,Ashanti
305,Crystal Odonnell,Male,001-444-982-2092x80396,holly87@yahoo.com,Ashanti
306,Erin Padilla,Female,(857)136-9468x015,allenbenjamin@lynch.com,Greater Accra
307,Mrs. Jordan Delacruz,Female,+1-650-160-7505,kporter@hotmail.com,Northern
308,Luke Randall,Female,001-982-860-0318x30508,lindsay35@yahoo.com,Greater Accra
309,Jeremy Lutz,Male,556.052.2196x564,figueroaeric@hotmail.com,Western
310,Brian Peters,Male,+1-814-184-4459x3869,gomezadrian@erickson.com,Greater Accra
311,Nancy West,Male,(591)873-4960x06218,bjimenez@gmail.com,Northern
312,Stephen Tran,Male,(053)666-6873,jonessara@yahoo.com,Greater Accra
313,Kirsten Hardy,Female,001-755-995-6663x12630,zcox@yahoo.com,Northern
314,Rodney Perkins,Male,127-239-8893,whitejulie@yahoo.com,Western
315,Katherine Stevens,Female,341.032.0310x41457,stewartmichael@zimmerman.com,Volta
316,John Nicholson,Male,001-173-179-2145x98774,kenneth98@woods-erickson.com,Western
317,Alicia Henderson,Female,001-526-881-4911x311,robertbaker@williams.com,Northern
318,Miss Sheila Rose,Male,8655356701,patriciajohnson@gmail.com,Western
319,Brendan Phillips,Female,365.446.1298x6458,umorrison@yahoo.com,Volta
320,Elizabeth Hunter,Female,355-148-9533x7642,stephanie55@hotmail.com,Western
321,Martha Maynard,Female,605.947.9303,aknight@archer.com,Ashanti
322,George Huffman,Male,(053)687-0448x677,william29@rivera.com,Northern
323,Meghan Kim,Female,(355)571-7741,harrisonashley@hernandez-wilson.biz,Ashanti
324,Adam Graham,Male,023-489-6799,mbond@horne-davidson.com,Ashanti
325,Kristopher Grant,Male,001-883-021-7545,lrobinson@stewart-bowen.com,Ashanti
326,Daniel Herring,Male,+1-092-308-3446x8362,daniel69@yahoo.com,Greater Accra
327,Martin Hart,Female,001-627-153-2369x0954,jamie91@gmail.com,Western
328,Joshua Wilkins,Male,+1-655-810-5344x07085,jjacobson@francis.biz,Greater Accra
329,Devin Martinez,Female,469.807.4038x81443,samantha54@gmail.com,Volta
330,Megan Shepherd,Male,+1-945-029-5538,allenvanessa@gmail.com,Ashanti
331,Jeffrey Johnson,Male,+1-812-362-5768x9831,joseph51@walker.com,Ashanti
332,Daniel Ward,Female,233.331.7753,qgarcia@anderson-jensen.com,Western
333,Dawn Goodman,Female,(734)745-2417x3925,stephenfrancis@lee-williams.net,Volta
334,Matthew Townsend,Female,650.617.5247,zcarrillo@mcintyre.com,Volta
335,Laura Price,Male,(045)225-7010x20727,mcgrathnicholas@yahoo.com,Northern
336,Jeremy Hahn,Male,220.053.3284x503,joseph60@lopez.com,Northern
337,Kristen Miller,Male,(756)051-5730,colemanelizabeth@hernandez.com,Greater Accra
338,George Young,Female,905.116.7639x935,robinsonmichelle@merritt.net,Northern
339,Samuel Holmes,Female,389.168.9466x37565,william55@smith.com,Greater Accra
340,James Thomas,Female,(457)455-0089,jackie02@yahoo.com,Volta
341,Wendy Huerta,Female,871.767.8119x765,lonnie80@obrien-scott.com,Northern
342,Lori Horne,Male,963-949-0693x90328,osbornekevin@hotmail.com,Western
343,Scott Clark,Male,278.949.8540,donna52@fuentes-davidson.com,Northern
344,Roberto Chandler,Male,(042)864-8994,longkimberly@riddle.biz,Northern
345,Joshua Kelly,Male,448-678-0838x38687,yorkjohn@medina.net,Greater Accra
346,Kathleen Merritt,Male,001-091-568-2948x421,higginsbrittney@gmail.com,Volta
347,Miguel Johnson,Male,+1-912-250-6521x1370,markmckinney@west-ellis.biz,Western
348,James Cardenas,Male,808.857.0552,michaelrice@gmail.com,Volta
349,David Hoover,Male,001-763-053-4034x34841,flee@yahoo.com,Northern
350,William Ward,Female,001-362-944-8578x740,anthony51@robinson.com,Ashanti
351,Ryan Johnson,Female,821-774-9573,salazarkelly@hotmail.com,Western
352,Traci Wilkins,Female,(069)536-6902,dgomez@costa-morales.net,Western
353,Jeffrey Ward,Male,027-322-2121,ywalter@yahoo.com,Ashanti
354,Crystal Carlson,Female,427-866-3059x3857,buckluis@kelley.com,Volta
355,Paul Matthews,Male,135-792-2499x564,jenniferjames@thomas-rodriguez.com,Western
356,Kayla Gutierrez,Female,+1-480-759-2357x0640,wilsonsamantha@hotmail.com,Western
357,Jeremy Rodriguez,Female,6895892587,jenniferbrown@hotmail.com,Ashanti
358,Anthony Gonzalez,Female,455-959-6039,eperry@clarke.net,Volta
359,Diane Mack,Female,5611073318,igarcia@jones.com,Western
360,Laurie Manning,Male,+1-440-864-6880,jasminespencer@mccann.com,Volta
361,Terry Santiago,Male,+1-467-011-5511x01465,david63@floyd.com,Western
362,Erica Marshall,Female,321-999-0241x002,wilsoncory@gmail.com,Volta
363,Martha Jenkins,Male,001-476-412-6366x3797,gregorycheryl@hotmail.com,Northern
364,Amy Hughes,Female,(318)346-1907x9600,vrodriguez@klein.com,Volta
365,John Peterson,Male,(701)268-7154x8922,astewart@gmail.com,Western
366,Susan Lopez,Male,898.239.4141x28218,ugardner@patterson-johnson.com,Western
367,Michelle Callahan,Male,6182113449,john85@smith.org,Volta
368,Albert Koch,Female,668-307-6743,rgarcia@hotmail.com,Ashanti
369,Mrs. Victoria Thompson,Male,692.538.9050x154,campbelltony@greene.com,Volta
370,Trevor Weeks,Male,861-739-7780,aaronsmith@hotmail.com,Ashanti
371,Julia Jones,Female,(881)168-5602x276,william99@yahoo.com,Volta
372,Melanie Ortiz,Female,+1-307-637-6107x5208,edwardsrebecca@sanchez.com,Ashanti
373,Frances Mclaughlin,Female,(165)466-4525x608,davidskinner@hotmail.com,Greater Accra
374,Christopher Huang,Female,9749396876,cassidy02@guzman.com,Greater Accra
375,Amber Mendoza,Male,539-451-8753,uwilliams@hotmail.com,Volta
376,Christy Alexander,Female,654-408-6231,kmcdowell@yahoo.com,Northern
377,Ronald Collins,Female,9454916097,oortiz@macdonald.net,Greater Accra
378,William Mcgrath,Male,069.747.5776x3755,odomrebecca@hotmail.com,Western
379,Michelle Fritz,Male,+1-694-408-2959,scott80@simpson.com,Northern
380,Nancy Johnson,Male,8733522111,azhang@schaefer.biz,Western
381,Amy Williams,Female,454-140-3485,pwilkinson@gmail.com,Greater Accra
382,Keith Shah,Male,518.636.6774,swelch@decker-adkins.biz,Western
383,Javier Freeman,Female,(192)259-5143x2840,scottmichelle@hill-newton.net,Ashanti
384,Cindy Ramos,Male,+1-780-463-6406,david63@hotmail.com,Ashanti
385,Arthur Holt,Female,036.826.7679x860,chad73@lin.com,Ashanti
386,Julia Mcmillan,Male,227.616.7621,brett36@yahoo.com,Western
387,Heather Cummings,Female,(526)049-8811x3046,williscynthia@yahoo.com,Northern
388,Elizabeth Perez,Female,(749)466-5426x5156,xfleming@gmail.com,Northern
389,James Adams,Male,107-682-6758x3095,plewis@chapman.com,Ashanti
390,Gerald Baird,Female,001-856-467-8991x68363,greengregory@gmail.com,Ashanti
391,Carlos Mcintosh,Male,+1-931-404-6086x34275,dyerlogan@yahoo.com,Northern
392,Maureen Reid,Female,001-310-363-9763,clarkcourtney@hotmail.com,Northern
393,Pamela Hoover,Male,001-209-855-5141x774,greenelinda@hotmail.com,Volta
394,Kristi Dominguez,Male,+1-424-639-9129x2483,taylor02@hotmail.com,Ashanti
395,Brittany Cobb,Male,442-065-4998x4731,twarren@hotmail.com,Volta
396,Michael Bailey,Male,+1-208-495-6940,william51@flores.com,Greater Accra
397,Kristopher Cruz,Female,(677)782-0084x272,ann38@proctor.com,Western
398,Steven Cooke,Female,889-416-3509,johnmoody@yahoo.com,Greater Accra
399,Christy Pollard,Male,016.922.8004x446,ijenkins@moore.com,Volta
400,Kristen Cordova,Male,001-258-305-4023x62166,bfox@everett-mejia.com,Greater Accra
401,Karl Contreras,Female,131.791.2846,frederickwilliam@gmail.com,Northern
402,Eric Frazier,Male,190.832.5669x348,marshallkari@holmes-hayden.com,Western
403,Brandon Powell,Male,481-878-5584,ygomez@reynolds-martin.com,Northern
404,John Chang,Male,001-521-063-8073x313,david38@hotmail.com,Greater Accra
405,Alan Pope,Female,536.626.1684,wattskarina@vaughan.com,Ashanti
406,Andrea Phillips,Male,640-432-2063x224,michellehutchinson@davis.biz,Volta
407,Bryan Jones,Male,(769)730-4868x6671,matthew88@yahoo.com,Ashanti
408,Susan Nguyen,Male,148.672.4995,russellmitchell@yahoo.com,Greater Accra
409,Michael Stewart,Female,(989)803-2713x9722,johnsondavid@yahoo.com,Western
410,Christopher Huff,Female,0350732599,davislynn@lyons.com,Western
411,Zachary Jackson,Male,001-253-803-1819x1561,zjones@yahoo.com,Ashanti
412,Christopher Boyd,Male,5186120297,kathleen20@hotmail.com,Greater Accra
413,Susan Chase,Female,(132)611-1822x014,qmcgrath@cooper.com,Ashanti
414,Christopher Moore,Female,732-336-7472,rebecca54@yahoo.com,Greater Accra
415,Anthony Schmidt,Male,001-108-816-6914,melanierichardson@gmail.com,Ashanti
416,Thomas Brown,Male,919.382.9126,kellymyers@delgado.com,Greater Accra
417,Susan Chandler,Female,7128132196,qhall@yahoo.com,Northern
418,Brent Harper,Female,771.174.0856x259,tmarquez@baker-rhodes.com,Northern
419,Bradley Moore,Male,119-427-9540x84570,lramsey@miller-cooper.com,Volta
420,Mr. Kyle Johnston PhD,Female,+1-923-056-7900x053,dawn70@taylor.info,Western
421,Jessica Nunez,Male,578-892-0506x1491,gabrieltaylor@yahoo.com,Northern
422,Margaret Smith,Male,5432668414,bkeller@campbell.com,Ashanti
423,Jessica Watts,Female,(513)704-2859,davismary@gmail.com,Ashanti
424,Matthew Bishop,Male,001-322-356-9625x6828,vcline@gmail.com,Greater Accra
425,Joshua Cook,Male,001-009-063-7214,jimmyjones@harper-madden.org,Ashanti
426,Eddie Blake,Female,765.375.5365x254,myoung@ramos-edwards.com,Northern
427,Sarah Davis MD,Male,001-988-537-6425x597,lichristopher@hotmail.com,Ashanti
428,Stephanie King,Male,137-316-9716x9884,zobrien@shah.com,Ashanti
429,Christopher Cunningham,Male,001-334-493-4698x9858,danielvelez@hotmail.com,Northern
430,Mrs. Julie Shepherd,Female,581-810-9564,jonesnicole@king-douglas.info,Volta
431,Kaitlin Moore,Female,821.122.1291x0712,juliecollins@cook.com,Western
432,Elizabeth Williamson,Male,275-892-1114x016,tylerandre@gmail.com,Northern
433,Laurie Woods,Male,931-909-0839,yyoung@beck.com,Volta
434,Joshua Smith,Male,533-977-9097,cassandrabarnes@henry-campbell.com,Western
435,Ian Russo,Female,921.178.0310x8566,olsenstephen@welch.com,Northern
436,Brenda Cannon,Male,001-779-097-4498x55586,michael86@anderson-daniels.info,Northern
437,Jessica Costa,Male,004-335-7692,xnolan@hotmail.com,Greater Accra
438,Curtis Armstrong,Female,628.929.3872,stevensjames@evans.info,Volta
439,Larry Glass,Male,+1-475-931-8176x667,stephensmichelle@yahoo.com,Northern
440,Taylor Delgado,Male,103-589-9711,anorris@robinson.com,Greater Accra
441,Cynthia Snow,Female,573-958-1578,dominiqueallen@cole-brown.org,Northern
442,Austin Church,Male,+1-129-985-3502,hperez@yahoo.com,Western
443,Amy Miller,Female,486-874-5099x1791,harperemma@cardenas.com,Ashanti
444,Joshua Valdez,Female,087.237.2999x3371,edwardskathy@miller-wolf.com,Ashanti
445,Matthew Smith,Male,900-603-0109,karen43@gmail.com,Northern
446,Doris Baker,Male,(092)528-7104x92810,obrennan@rivera.com,Western
447,Cindy Wiggins,Female,894-273-5621x05559,rodriguezsusan@jones-morales.net,Greater Accra
448,Gregory Young,Female,287.733.1964x3932,nicholas43@daugherty-johnston.info,Volta
449,Jeremy Burch,Female,(596)398-9391x5292,kalvarez@yahoo.com,Ashanti
450,Valerie Kennedy PhD,Male,(420)815-4215,tonydaniels@shaw.com,Greater Accra
451,Joshua Rose,Male,(099)012-3764x031,deborahmoreno@gmail.com,Western
452,John Terrell,Female,485-194-4083x789,acooper@gmail.com,Ashanti
453,Julie Burke,Male,+1-751-031-3422x435,cwhite@gmail.com,Ashanti
454,Suzanne Thompson,Female,(801)781-0705x135,brandy82@hotmail.com,Volta
455,Mrs. Jessica Baker,Female,095-806-3996x21879,goldenmelissa@shaffer.com,Northern
456,Taylor Kennedy,Female,137.420.9944x5839,kristiebass@shaw.info,Ashanti
457,Nicole Ali,Male,001-715-634-2488x4164,laurabooth@hotmail.com,Greater Accra
458,Nathan Larson,Female,+1-791-287-6017x626,michellerowland@wise-pitts.net,Ashanti
459,Paula Thompson,Female,(687)022-7570x50993,joshuaroberts@rice.net,Ashanti
460,Julie Trujillo,Male,001-592-007-1961x48812,rharrison@hotmail.com,Greater Accra
461,Matthew Clark,Male,001-978-275-3308,russelljones@hotmail.com,Greater Accra
462,Jennifer Mccarthy,Male,885-791-5388x8343,heidi90@hotmail.com,Ashanti
463,Lauren Coleman,Male,728-767-1100,speters@duncan-edwards.com,Ashanti
464,Dawn James,Male,238.948.6520x37013,alvaradoalexis@kelly-young.com,Volta
465,Monica Craig,Female,(341)362-2479,rbrooks@johnson.com,Greater Accra
466,Rachel Stewart,Female,(696)001-0386x153,probinson@rivera.org,Greater Accra
467,Christine Benson,Female,5627026450,deckerkristin@gmail.com,Western
468,Alex Sanders,Female,(292)313-1282x54062,joseph31@gmail.com,Northern
469,Kathleen Eaton,Female,(294)600-4690x42581,karenbass@munoz.com,Northern
470,Mary Wilson,Female,001-772-040-6642x077,william32@scott.com,Greater Accra
471,Catherine Clark,Male,(586)555-1179x2458,williamssierra@jackson.com,Western
472,John Brooks,Male,001-327-674-9172x8667,nwells@salazar-flynn.com,Ashanti
473,Jacob Smith,Female,6207830043,betty18@wright.com,Western
474,Kevin Hernandez,Male,4765989441,wayne80@yahoo.com,Ashanti
475,Michael Riley,Female,(796)324-6784,bobbylang@gmail.com,Western
476,Marcus Smith,Female,001-203-383-2065,cwest@murphy.com,Ashanti
477,Debra Bradford,Female,7748418316,diane03@yahoo.com,Western
478,Susan Nichols,Female,442.028.2945x597,williamhughes@yahoo.com,Western
479,Micheal Clark,Female,001-384-999-0724x358,pbutler@hotmail.com,Northern
480,Katherine Romero,Female,001-175-355-3865,william38@gmail.com,Ashanti
481,Suzanne Klein,Male,952-629-2033x72449,lewisjose@gmail.com,Western
482,Courtney Benitez,Female,352-565-2135,katelyn63@gmail.com,Volta
483,Jonathan Taylor,Female,6391938598,morrisyvonne@hanson.com,Northern
484,Garrett Coleman,Male,150-642-3621x4727,housekrista@hotmail.com,Volta
485,Brian Mcdaniel,Male,849.918.0759,eharris@andrade.info,Western
486,Stephanie Nelson,Female,(040)049-6867x41847,seth67@hotmail.com,Western
487,Albert Johnston,Female,+1-810-084-7682x2978,farmermathew@hays.net,Greater Accra
488,Megan Smith,Male,(727)702-6980x079,laurenmunoz@gmail.com,Greater Accra
489,Jesus Lee,Female,(545)014-6871x2477,oburns@gmail.com,Ashanti
490,Victoria Sampson,Male,+1-055-892-0310x8036,paul57@yahoo.com,Ashanti
491,David Phillips,Female,+1-054-914-8511,ypham@rodriguez.biz,Greater Accra
492,Robert Levine,Male,329.036.6816x4377,berrydenise@gmail.com,Volta
493,David Martinez,Male,+1-168-704-9224x8833,karinaboyle@gmail.com,Greater Accra
494,Joshua Hays,Female,257.992.0380x899,cruzchad@yahoo.com,Greater Accra
495,Miranda Rosario,Female,3614245379,eholmes@yahoo.com,Northern
496,David Williams,Male,178.775.6492,hopkinscarolyn@sullivan-bailey.com,Northern
497,Mrs. Linda Brooks,Female,141.109.0685x10873,danielle76@hotmail.com,Western
498,Nicole Reynolds,Male,653-090-8287x0599,ronaldadams@rodriguez-kline.net,Western
499,Debra Shields,Female,(614)907-7122,petersonjerry@yahoo.com,Greater Accra
500,Michael Baird,Female,403-971-2097x43416,baileylauren@gmail.com,Volta
